Datetime,Water Level (m)
2025-10-27 00:00:00,-0.23691703
2025-10-27 01:00:00,-0.16863003
2025-10-27 02:00:00,-0.02577605
2025-10-27 03:00:00,0.17684455
2025-10-27 04:00:00,0.36818954
2025-10-27 05:00:00,0.470627
2025-10-27 06:00:00,0.46181884
2025-10-27 07:00:00,0.34946465
2025-10-27 08:00:00,0.17348284
2025-10-27 09:00:00,-0.04671667
2025-10-27 10:00:00,-0.22036748
2025-10-27 11:00:00,-0.31723252
2025-10-27 12:00:00,-0.31128123
2025-10-27 13:00:00,-0.2127104
2025-10-27 14:00:00,-0.017215267
2025-10-27 15:00:00,0.22065316
2025-10-27 16:00:00,0.46319357
2025-10-27 17:00:00,0.64649934
2025-10-27 18:00:00,0.73645186
2025-10-27 19:00:00,0.7011705
2025-10-27 20:00:00,0.5691511
2025-10-27 21:00:00,0.37685367
2025-10-27 22:00:00,0.1833885
2025-10-27 23:00:00,0.009430976
2025-10-28 00:00:00,-0.08951281
2025-10-28 01:00:00,-0.10252372
2025-10-28 02:00:00,-0.045726266
2025-10-28 03:00:00,0.055631716
2025-10-28 04:00:00,0.20505726
2025-10-28 05:00:00,0.3397923
2025-10-28 06:00:00,0.41041356
2025-10-28 07:00:00,0.40922526
2025-10-28 08:00:00,0.32852453
2025-10-28 09:00:00,0.18608177
2025-10-28 10:00:00,0.025147619
2025-10-28 11:00:00,-0.103500105
2025-10-28 12:00:00,-0.18120492
2025-10-28 13:00:00,-0.17713153
2025-10-28 14:00:00,-0.07452891
2025-10-28 15:00:00,0.08141824
2025-10-28 16:00:00,0.2703827
2025-10-28 17:00:00,0.4601162
2025-10-28 18:00:00,0.6087208
2025-10-28 19:00:00,0.66380626
2025-10-28 20:00:00,0.62622017
2025-10-28 21:00:00,0.539311
2025-10-28 22:00:00,0.39484817
2025-10-28 23:00:00,0.21343486
2025-10-29 00:00:00,0.059562344
2025-10-29 01:00:00,-0.03701286
2025-10-29 02:00:00,-0.081323914
2025-10-29 03:00:00,-0.06241095
2025-10-29 04:00:00,0.027305707
2025-10-29 05:00:00,0.14692831
2025-10-29 06:00:00,0.25450647
2025-10-29 07:00:00,0.3304771
2025-10-29 08:00:00,0.34994072
2025-10-29 09:00:00,0.29934436
2025-10-29 10:00:00,0.20290086
2025-10-29 11:00:00,0.0935068
2025-10-29 12:00:00,-0.022768728
2025-10-29 13:00:00,-0.10590394
2025-10-29 14:00:00,-0.11973325
2025-10-29 15:00:00,-0.06395908
2025-10-29 16:00:00,0.037520856
2025-10-29 17:00:00,0.18971695
2025-10-29 18:00:00,0.37401128
2025-10-29 19:00:00,0.51607364
2025-10-29 20:00:00,0.58302575
2025-10-29 21:00:00,0.59023786
2025-10-29 22:00:00,0.52486855
2025-10-29 23:00:00,0.39335686
2025-10-30 00:00:00,0.22841647
2025-10-30 01:00:00,0.062216032
2025-10-30 02:00:00,-0.071014404
2025-10-30 03:00:00,-0.15451284
2025-10-30 04:00:00,-0.16293125
2025-10-30 05:00:00,-0.103637174
2025-10-30 06:00:00,0.0136243915
2025-10-30 07:00:00,0.1600003
2025-10-30 08:00:00,0.27957287
2025-10-30 09:00:00,0.3373517
2025-10-30 10:00:00,0.34463277
2025-10-30 11:00:00,0.28720176
2025-10-30 12:00:00,0.17411597
2025-10-30 13:00:00,0.02912654
2025-10-30 14:00:00,-0.08039473
2025-10-30 15:00:00,-0.14665698
2025-10-30 16:00:00,-0.15820085
2025-10-30 17:00:00,-0.08162179
2025-10-30 18:00:00,0.07037586
2025-10-30 19:00:00,0.24718955
2025-10-30 20:00:00,0.41461852
2025-10-30 21:00:00,0.5377097
2025-10-30 22:00:00,0.5790102
2025-10-30 23:00:00,0.53169656
2025-10-31 00:00:00,0.40578455
2025-10-31 01:00:00,0.21878591
2025-10-31 02:00:00,0.00913317
2025-10-31 03:00:00,-0.17902385
2025-10-31 04:00:00,-0.29022416
2025-10-31 05:00:00,-0.3168269
2025-10-31 06:00:00,-0.24631599
2025-10-31 07:00:00,-0.07861925
2025-10-31 08:00:00,0.14016914
2025-10-31 09:00:00,0.3136985
2025-10-31 10:00:00,0.43601435
2025-10-31 11:00:00,0.4760218
2025-10-31 12:00:00,0.41626105
2025-10-31 13:00:00,0.2742565
2025-10-31 14:00:00,0.08846379
2025-10-31 15:00:00,-0.09272203
2025-10-31 16:00:00,-0.22989412
2025-10-31 17:00:00,-0.27300206
2025-10-31 18:00:00,-0.19499116
2025-10-31 19:00:00,-0.031165859
2025-10-31 20:00:00,0.18556915
2025-10-31 21:00:00,0.42487112
2025-10-31 22:00:00,0.59458745
2025-10-31 23:00:00,0.65862614
2025-11-01 00:00:00,0.6107139
2025-11-01 01:00:00,0.4522831
2025-11-01 02:00:00,0.19410487
2025-11-01 03:00:00,-0.09158382
2025-11-01 04:00:00,-0.32385457
2025-11-01 05:00:00,-0.46073413
2025-11-01 06:00:00,-0.46156114
2025-11-01 07:00:00,-0.31333375
2025-11-01 08:00:00,-0.041380662
2025-11-01 09:00:00,0.23332345
2025-11-01 10:00:00,0.48221502
2025-11-01 11:00:00,0.65036905
2025-11-01 12:00:00,0.67781174
2025-11-01 13:00:00,0.570642
2025-11-01 14:00:00,0.37692776
2025-11-01 15:00:00,0.11335486
2025-11-01 16:00:00,-0.15275227
2025-11-01 17:00:00,-0.3304586
2025-11-01 18:00:00,-0.3822778
2025-11-01 19:00:00,-0.29858002
2025-11-01 20:00:00,-0.09284411
2025-11-01 21:00:00,0.20636293
2025-11-01 22:00:00,0.4980026
2025-11-01 23:00:00,0.69680864
2025-11-02 00:00:00,0.76454574
